cbsa_title,DMA,outbound,inbound,netgain,pct_inbound
"Aberdeen, SD",NA,19682,15490,-4192,0.44040714204480835
"Aberdeen, WA",NA,35023,32108,-2915,0.47828871907166587
"Abilene, TX",NA,81356,73465,-7891,0.4745157310700745
"Ada, OK",NA,14342,13692,-650,0.48840693443675537
"Adrian, MI",NA,36444,32205,-4239,0.4691255517196172
"Akron, OH",NA,264286,252827,-11459,0.4889202166644428
"Alamogordo, NM",NA,26922,26415,-507,0.49524720175487935
"Albany-Lebanon, OR",NA,60433,60310,-123,0.49949065370249207
"Albany-Schenectady-Troy, NY",NA,376359,349863,-26496,0.48175764435668433
"Albany, GA",NA,54902,52776,-2126,0.4901279741451364
"Albemarle, NC",NA,17210,20078,2868,0.5384574125724093
"Albert Lea, MN",NA,11206,10012,-1194,0.47186351211235744
"Albertville, AL",NA,32499,31967,-532,0.4958737939378897
"Albuquerque, NM",NA,354247,343581,-10666,0.49235771565486053
"Alexander City, AL",NA,13615,12814,-801,0.4848461916833781
"Alexandria, LA",NA,52429,48876,-3553,0.4824638467992695
"Alexandria, MN",NA,18834,17275,-1559,0.4784125841203024
"Alice, TX",NA,10459,9408,-1051,0.4735491015251422
"Allentown-Bethlehem-Easton, PA-NJ",NEW YORK,309530,299893,-9637,0.492093340750185
"Alma, MI",NA,15748,13617,-2131,0.4637153073386685
"Alpena, MI",NA,13367,11295,-2072,0.45799205255048253
"Altoona, PA",NA,42942,39669,-3273,0.48019028942876857
"Altus, OK",NA,9870,9164,-706,0.48145423978144375
"Amarillo, TX",NA,105200,97922,-7278,0.4820846584811099
"Americus, GA",NA,9621,8743,-878,0.4760945327815291
"Ames, IA",NA,66146,52673,-13473,0.44330452200405657
"Amsterdam, NY",NA,21963,20218,-1745,0.47931533154737915
"Anchorage, AK",NA,176624,165059,-11565,0.48307641878583363
"Andrews, TX",NA,6435,4831,-1604,0.4288123557606959
"Angola, IN",NA,19310,15923,-3387,0.4519342661709193
"Ann Arbor, MI",NA,168753,139569,-29184,0.4526728550022379
"Anniston-Oxford, AL",NA,41620,39643,-1977,0.4878357924270578
"Appleton, WI",NA,95658,85920,-9738,0.47318507748736083
"Arcadia, FL",NA,14749,21800,7051,0.5964595474568387
"Ardmore, OK",NA,23775,21898,-1877,0.47945175486611347
"Arkadelphia, AR",NA,10392,8676,-1716,0.4550031466331026
"Asheville, NC",NA,208317,217532,9215,0.5108195628027775
"Ashland, OH",NA,16572,15697,-875,0.48644209612941214
"Ashtabula, OH",NA,37288,34254,-3034,0.4787956724721143
"Astoria, OR",NA,22533,21016,-1517,0.4825828377230246
"Atchison, KS",NA,6351,5225,-1126,0.45136489288182446
"Athens-Clarke County, GA",NA,76859,70367,-6492,0.47795226386643663
"Athens, OH",NA,23936,19867,-4069,0.45355340958381846
"Athens, TN",NA,19085,20736,1651,0.5207302679490721
"Athens, TX",NA,36980,38947,1967,0.512953231393312
"Atlanta-Sandy Springs-Alpharetta, GA",NA,2568567,2578071,9504,0.5009233212050275
"Atlantic City-Hammonton, NJ",PHILADELPHIA,99001,100299,1298,0.503256397390868
"Atmore, AL",NA,10738,9842,-896,0.4782312925170068
"Auburn-Opelika, AL",NA,60527,56998,-3529,0.4849861731546479
"Auburn, IN",NA,17961,15811,-2150,0.4681688973113822
"Auburn, NY",NA,30531,27033,-3498,0.4696164269335001
"Augusta-Richmond County, GA-SC",NA,228685,232035,3350,0.5036356138218441
"Augusta-Waterville, ME",NA,55820,54354,-1466,0.4933468876504438
"Austin-Round Rock-Georgetown, TX",NA,1171099,1198818,27719,0.5058480951020647
"Austin, MN",NA,15218,13900,-1318,0.47736795109554225
"Bainbridge, GA",NA,9272,8867,-405,0.48883620927283755
"Bakersfield, CA",NA,284224,269926,-14298,0.4870991608770189
"Baltimore-Columbia-Towson, MD",NA,1103182,1056765,-46417,0.48925506042509376
"Bangor, ME",NA,68686,63806,-4880,0.48158379373848986
"Baraboo, WI",NA,27752,25612,-2140,0.4799490293081478
"Bardstown, KY",NA,17432,16754,-678,0.4900836599777687
"Barnstable Town, MA",NA,137946,142407,4461,0.5079560411338563
"Barre, VT",NA,25965,25469,-496,0.4951782867364
"Bartlesville, OK",NA,20758,19575,-1183,0.4853345895420623
"Batavia, NY",NA,20551,18179,-2372,0.4693777433514072
"Batesville, AR",NA,22555,22149,-406,0.49545901932712955
"Baton Rouge, LA",NA,259734,250830,-8904,0.49128023127365034
"Battle Creek, MI",NA,64706,54972,-9734,0.4593325423218971
"Bay City, MI",NA,40132,36219,-3913,0.4743749263270946
"Bay City, TX",HOUSTON,12969,11225,-1744,0.46395800611721916
"Beatrice, NE",NA,8829,7263,-1566,0.4513422818791946
"Beaumont-Port Arthur, TX",NA,137357,126626,-10731,0.47967482754571317
"Beaver Dam, WI",NA,33248,29737,-3511,0.4721282845121854
"Beckley, WV",NA,25306,22747,-2559,0.4733731504796787
"Bedford, IN",NA,19073,17072,-2001,0.4723198229353991
"Beeville, TX",NA,6819,6301,-518,0.48025914634146344
"Bellefontaine, OH",NA,17221,16006,-1215,0.48171667619706865
"Bellingham, WA",NA,110155,105575,-4580,0.48938487924720714
"Bemidji, MN",NA,18846,16591,-2255,0.46818297259926067
"Bend, OR",NA,116003,120864,4861,0.5102610325625773
"Bennettsville, SC",NA,6648,6114,-534,0.4790785143394452
"Bennington, VT",NA,16100,15377,-723,0.488515423960352
"Berlin, NH",NA,15450,14344,-1106,0.48143921594952005
"Big Rapids, MI",NA,20357,18602,-1755,0.47747632126081263
"Big Spring, TX",NA,11119,9615,-1504,0.4637310697405228
"Big Stone Gap, VA",NA,11805,9968,-1837,0.4578147246589813
"Billings, MT",NA,96900,86801,-10099,0.4725123978639202
"Binghamton, NY",NA,104117,91725,-12392,0.46836225120249997
"Birmingham-Hoover, AL",NA,385006,372559,-12447,0.4917848633450595
"Bismarck, ND",NA,66011,52985,-13026,0.4452670678005983
"Blackfoot, ID",NA,14855,13899,-956,0.48337622591639423
"Blacksburg-Christiansburg, VA",NA,68514,56883,-11631,0.4536232924232637
"Bloomington, IL",NA,69109,62178,-6931,0.4736036317381005
"Bloomington, IN",NA,121042,67266,-53776,0.35721265161331434
"Bloomsburg-Berwick, PA",NA,30645,28510,-2135,0.48195418814977603
"Bluefield, WV-VA",NA,31503,28022,-3481,0.47076018479630405
"Blytheville, AR",NA,16124,13600,-2524,0.4575427264163639
"Bogalusa, LA",NA,14132,12313,-1819,0.46560786538097937
"Boise City, ID",NA,358076,359997,1921,0.5013376077362608
"Bonham, TX",NA,10399,11279,880,0.5202970753759572
"Boone, NC",NA,21781,18961,-2820,0.46539197879338273
"Borger, TX",NA,7786,6439,-1347,0.45265377855887523
"Boston-Cambridge-Newton, MA-NH",NA,2034119,1840257,-193862,0.47498151960470536
"Boulder, CO",NA,209801,181081,-28720,0.463262570289755
"Bowling Green, KY",NA,75497,74877,-620,0.4979384734063069
"Bozeman, MT",NA,77633,70803,-6830,0.4769934517233016
"Bradford, PA",NA,15551,13859,-1692,0.4712342740564434
"Brainerd, MN",NA,57206,53431,-3775,0.4829397037157551
"Branson, MO",NA,37485,32714,-4771,0.4660180344449351
"Breckenridge, CO",NA,18478,17140,-1338,0.4812173620079735
"Bremerton-Silverdale-Port Orchard, WA",NA,136667,122076,-14591,0.47180406812937936
"Brenham, TX",HOUSTON,10798,11388,590,0.5132966735779321
"Brevard, NC",NA,11901,13882,1981,0.5384167862545088
"Bridgeport-Stamford-Norwalk, CT",NEW YORK,334187,336445,2258,0.5016834866215749
"Brookhaven, MS",NA,7778,7440,-338,0.4888947299250887
"Brookings, OR",NA,11433,12136,703,0.5149136577708007
"Brookings, SD",NA,16282,12418,-3864,0.4326829268292683
"Brownsville-Harlingen, TX",NA,78977,95006,16029,0.5460648454159315
"Brownsville, TN",NA,5419,5265,-154,0.4927929614376638
"Brownwood, TX",NA,14596,15347,751,0.5125404936045153
"Brunswick, GA",NA,50546,51951,1405,0.5068538591373406
"Bucyrus-Galion, OH",NA,17671,16340,-1331,0.4804328011525683
"Buffalo-Cheektowaga, NY",NA,434622,404404,-30218,0.48199221478237864
"Burley, ID",NA,14116,14025,-91,0.4983831420347536
"Burlington-South Burlington, VT",NA,121541,102305,-19236,0.4570329601601101
"Burlington, IA-IL",NA,22534,17491,-5043,0.43700187382885697
"Burlington, NC",NA,56393,61232,4839,0.5205696068012753
"Butte-Silver Bow, MT",NA,15381,14688,-693,0.48847650404070636
"Cadillac, MI",NA,22785,20612,-2173,0.4749637071686983
"Calhoun, GA",NA,19752,20382,630,0.5078487068321125
"California-Lexington Park, MD",NA,37304,36738,-566,0.496177845006888
"Cambridge, MD",NA,11397,10845,-552,0.48759104397086594
"Cambridge, OH",NA,15508,13320,-2188,0.46205078396003885
"Camden, AR",NA,8088,7356,-732,0.4763014763014763
"Campbellsville, KY",NA,14818,13335,-1483,0.4736617767200654
"Cañon City, CO",NA,20953,19931,-1022,0.4875012229723119
"Canton-Massillon, OH",NA,146455,136718,-9737,0.4828073297948604
"Cape Coral-Fort Myers, FL",NA,642882,717894,75012,0.5275622145011376
"Cape Girardeau, MO-IL",NA,39314,34764,-4550,0.46928912767623315
"Carbondale-Marion, IL",NA,62391,51596,-10795,0.4526481089948854
"Carlsbad-Artesia, NM",NA,19426,17395,-2031,0.4724206295320605
"Carroll, IA",NA,7287,6276,-1011,0.46272948462729485
"Carson City, NV",NA,29664,27403,-2261,0.4801899521614944
"Casper, WY",NA,36963,36459,-504,0.4965677862221133
"Cedar City, UT",NA,21922,22402,480,0.5054146737659057
"Cedar Rapids, IA",NA,137365,116286,-21079,0.4584488135272481
"Cedartown, GA",NA,18559,15793,-2766,0.4597403353516535
"Celina, OH",NA,11052,9799,-1253,0.4699534794494269
"Central City, KY",NA,9588,8574,-1014,0.4720845721836802
"Centralia, IL",NA,16392,14340,-2052,0.4666146036704412
"Centralia, WA",NA,32075,31854,-221,0.4982715199674639
"Chambersburg-Waynesboro, PA",NA,48807,46594,-2213,0.4884015890818755
"Champaign-Urbana, IL",NA,105404,89161,-16243,0.45825816565158173
"Charleston-Mattoon, IL",NA,25424,22566,-2858,0.4702229631173161
"Charleston-North Charleston, SC",NA,385384,391467,6083,0.5039151651989893
"Charleston, WV",NA,75242,67574,-7668,0.47315426842930763
"Charlotte-Concord-Gastonia, NC-SC",NA,1097517,1149770,52253,0.5116257959041279
"Charlottesville, VA",NA,91860,87502,-4358,0.48785138435120035
"Chattanooga, TN-GA",NA,228398,226575,-1823,0.4979965844127014
"Cheyenne, WY",NA,51689,49028,-2661,0.4867897177239195
"Chicago-Naperville-Elgin, IL-IN-WI",CHICAGO,3548731,3254085,-294646,0.47834382114700735
"Chico, CA",NA,123557,92887,-30670,0.42915026519561644
"Chillicothe, OH",NA,26572,24132,-2440,0.475938781950142
"Cincinnati, OH-KY-IN",NA,819835,794226,-25609,0.49206690453458696
"Clarksburg, WV",NA,26631,23925,-2706,0.47323759791122716
"Clarksdale, MS",NA,6259,5513,-746,0.4683146449201495
"Clarksville, TN-KY",NA,171613,159600,-12013,0.4818651441821426
"Clearlake, CA",NA,24957,22966,-1991,0.4792270934624293
"Cleveland-Elyria, OH",NA,772992,739292,-33700,0.488857912931698
"Cleveland, MS",NA,7013,5829,-1184,0.4539012614857499
"Cleveland, TN",NA,47039,47191,152,0.500806537196222
"Clewiston, FL",NA,13714,17861,4147,0.5656690419635788
"Clinton, IA",NA,19469,15918,-3551,0.4498262073642863
"Clovis, NM",NA,22687,20941,-1746,0.47998991473365726
"Coeur d'Alene, ID",NA,89267,95867,6600,0.5178249268097702
"Coffeyville, KS",NA,17322,13232,-4090,0.4330693198926491
"Coldwater, MI",NA,19765,16937,-2828,0.4614734891831508
"College Station-Bryan, TX",NA,116265,102078,-14187,0.46751212541734793
"Colorado Springs, CO",NA,448665,419213,-29452,0.48303217733368053
"Columbia, MO",NA,103004,89926,-13078,0.4661068781423314
"Columbia, SC",NA,304834,306201,1367,0.5011185938612355
"Columbus, GA-AL",NA,135657,125888,-9769,0.48132443747729836
"Columbus, IN",NA,39730,34208,-5522,0.4626579025670156
"Columbus, MS",NA,20959,19357,-1602,0.4801319575354698
"Columbus, NE",NA,14244,11986,-2258,0.4569576820434617
"Columbus, OH",NA,923251,885154,-38097,0.4894666847304669
"Concord, NH",NA,60101,58492,-1609,0.4932162943849974
"Connersville, IN",NA,12997,10404,-2593,0.4445963847698816
"Cookeville, TN",NA,45658,47373,1715,0.5092173576549752
"Coos Bay, OR",NA,35659,32469,-3190,0.4765881869422264
"Cordele, GA",NA,7117,6990,-127,0.4954986885943149
"Corinth, MS",NA,11059,10801,-258,0.49409881061299177
"Cornelia, GA",NA,14169,14607,438,0.5076105087572977
"Corning, NY",NA,42647,37918,-4729,0.47065102712095824
"Corpus Christi, TX",NA,165707,162454,-3253,0.495043591407876
"Corsicana, TX",NA,14280,15671,1391,0.5232212613936096
"Cortland, NY",NA,19813,18362,-1451,0.4809954158480681
"Corvallis, OR",NA,48898,39780,-9118,0.44858927806220256
"Coshocton, OH",NA,11861,11760,-101,0.4978620718851869
"Craig, CO",NA,6205,5061,-1144,0.4492277649565063
"Crawfordsville, IN",NA,16662,14440,-2222,0.46427882451289304
"Crescent City, CA",NA,9772,9705,-67,0.49828002259074805
"Crestview-Fort Walton Beach-Destin, FL",NA,163274,188067,24793,0.5352833856566698
"Crossville, TN",NA,25491,27092,1601,0.5152235513378849
"Cullman, AL",NA,26706,28811,2105,0.5189581569609308
"Cullowhee, NC",NA,22925,22968,43,0.5004684810319656
"Cumberland, MD-WV",NA,28756,25548,-3208,0.47046258102533883
"Dallas-Fort Worth-Arlington, TX",NA,3242472,3298346,55874,0.5042711783143943
"Dalton, GA",NA,42290,38701,-3589,0.4778432171475843
"Danville, IL",NA,33599,28828,-4771,0.46178736764540984
"Danville, KY",NA,21159,20455,-704,0.49154130821358194
"Danville, VA",NA,29718,28635,-1083,0.4907202714513393
"Daphne-Fairhope-Foley, AL",NA,105266,125421,20155,0.5436847329931899
"Davenport-Moline-Rock Island, IA-IL",NA,176186,148439,-27747,0.4572629957643435
"Dayton-Kettering, OH",NA,330533,315218,-15315,0.4881417140662577
"Dayton, TN",NA,12033,12826,793,0.5159499577617764
"Decatur, AL",NA,48954,47330,-1624,0.4915666154293548
"Decatur, IL",NA,52725,40880,-11845,0.43672880722183643
"Decatur, IN",NA,10825,9334,-1491,0.46301899895828164
"Defiance, OH",NA,14549,12667,-1882,0.4654247501469724
"Del Rio, TX",NA,13907,12557,-1350,0.47449365175332525
"Deltona-Daytona Beach-Ormond Beach, FL",NA,381951,423418,41467,0.5257440999094825
"Deming, NM",NA,9457,8933,-524,0.4857531266992931
"Denver-Aurora-Lakewood, CO",NA,1667069,1595610,-71459,0.4890490299536056
"DeRidder, LA",NA,12462,11712,-750,0.4844874658724249
"Des Moines-West Des Moines, IA",NA,344103,324098,-20005,0.4850307018397159
"Detroit-Warren-Dearborn, MI",NA,1619764,1485638,-134126,0.4784044062572253
"Dickinson, ND",NA,16843,14671,-2172,0.46553912546804593
"Dixon, IL",NA,12661,10968,-1693,0.4641753777138262
"Dodge City, KS",NA,13376,9938,-3438,0.42626747876812215
"Dothan, AL",NA,61656,60019,-1637,0.4932730634888021
"Douglas, GA",NA,16192,14599,-1593,0.47413205157351174
"Dover, DE",PHILADELPHIA,62457,66135,3678,0.5143010451661068
"Dublin, GA",NA,18685,18025,-660,0.49101062380822663
"DuBois, PA",NA,19103,17583,-1520,0.4792836504388595
"Dubuque, IA",NA,40557,34890,-5667,0.4624438347449203
"Duluth, MN-WI",NA,130063,116029,-14034,0.4714862734261983
"Dumas, TX",NA,7419,4948,-2471,0.400097032425002
"Duncan, OK",NA,19378,16805,-2573,0.46444462869303266
"Durango, CO",NA,30983,31833,850,0.5067657921548651
"Durant, OK",NA,22153,20295,-1858,0.47811439879381834
"Durham-Chapel Hill, NC",RALEIGH,252929,248052,-4877,0.49513254993702355
"Dyersburg, TN",NA,15943,14268,-1675,0.47227830922511665
"Eagle Pass, TX",NA,8055,8248,193,0.5059191559835613
"East Stroudsburg, PA",NA,60639,54659,-5980,0.4740671997779667
"Easton, MD",NA,12053,13232,1179,0.5233142179157604
"Eau Claire, WI",NA,81331,70323,-11008,0.4637068590343809
"Edwards, CO",NA,22073,18316,-3757,0.4534898115823615
"Effingham, IL",NA,11728,10432,-1296,0.4707581227436823
"El Campo, TX",HOUSTON,12436,10846,-1590,0.4658534490164075
"El Centro, CA",NA,44020,45173,1153,0.5064635117105603
"El Dorado, AR",NA,13057,11325,-1732,0.46448199491428105
"El Paso, TX",NA,255804,239929,-15875,0.4839883566355276
"Elizabeth City, NC",NA,17797,19075,1278,0.5173302234758081
"Elizabethtown-Fort Knox, KY",NA,74699,68593,-6106,0.4786938559026324
"Elk City, OK",NA,9250,7656,-1594,0.45285697385543594
"Elkhart-Goshen, IN",NA,82832,69904,-12928,0.45767860884139955
"Elkins, WV",NA,8274,6757,-1517,0.44953762224735544
"Elko, NV",NA,23901,19782,-4119,0.45285351280818625
"Ellensburg, WA",NA,27435,21871,-5564,0.44357684663124164
"Elmira, NY",NA,35752,32389,-3363,0.4753232268384673
"Emporia, KS",NA,18274,13312,-4962,0.42145254226556067
"Enid, OK",NA,26316,22241,-4075,0.4580390057046358
"Enterprise, AL",NA,22490,21486,-1004,0.4885846825541204
"Erie, PA",NA,108451,96128,-12323,0.4698820504548365
"Escanaba, MI",NA,14904,13742,-1162,0.4797179361865531
"Española, NM",NA,3601,3175,-426,0.4685655253837072
"Eufaula, AL-GA",NA,6758,6456,-302,0.48857272589677614
"Eugene-Springfield, OR",NA,201710,183174,-18536,0.47592001745980606
"Eureka-Arcata, CA",NA,56085,48419,-7666,0.4633219781061012
"Evanston, WY",NA,8919,6812,-2107,0.4330303222935605
"Evansville, IN-KY",NA,142218,130500,-11718,0.4785162695531648
"Fairbanks, AK",NA,45417,36758,-8659,0.44731365987222393
"Fairfield, IA",NA,8547,7090,-1457,0.45341177975314956
"Fairmont, MN",NA,7770,6636,-1134,0.4606413994169096
"Fairmont, WV",NA,17113,14713,-2400,0.4622949789480299
"Fallon, NV",NA,11714,11338,-376,0.49184452542078777
"Fargo, ND-MN",NA,158957,126033,-32924,0.44223656970420017
"Faribault-Northfield, MN",NA,24104,22639,-1465,0.48432920437284727
"Farmington, MO",NA,29082,27579,-1503,0.48673690898501615
"Farmington, NM",NA,34662,30665,-3997,0.46940774871033414
"Fayetteville-Springdale-Rogers, AR",NA,245997,240599,-5398,0.49445330417841493
"Fayetteville, NC",RALEIGH,253148,228557,-24591,0.474475041778682
"Fergus Falls, MN",NA,26287,24674,-1613,0.48417417240634997
"Fernley, NV",NA,28315,27519,-796,0.4928717269047534
"Findlay, OH",NA,28372,24858,-3514,0.4669922975765546
"Fitzgerald, GA",NA,6669,6538,-131,0.49504050882107975
"Flagstaff, AZ",NA,66038,56677,-9361,0.46185877847043966
"Flint, MI",NA,193881,171724,-22157,0.4696981715239124
"Florence-Muscle Shoals, AL",NA,51654,51609,-45,0.4997821097585776
"Florence, SC",NA,60560,60141,-419,0.4982643060123777
"Fond du Lac, WI",NA,40258,34750,-5508,0.4632839163822526
"Forest City, NC",NA,21550,22989,1439,0.5161543815532454
"Forrest City, AR",NA,5778,5273,-505,0.4771513890145688
"Fort Collins, CO",NA,206352,193481,-12871,0.483904530141334
"Fort Dodge, IA",NA,16552,13745,-2807,0.45367528138099483
"Fort Leonard Wood, MO",NA,29350,26307,-3043,0.47266291751262196
"Fort Madison-Keokuk, IA-IL-MO",NA,23660,18884,-4776,0.44386987589319293
"Fort Morgan, CO",NA,9930,9728,-202,0.4948621426391291
"Fort Payne, AL",NA,20683,19003,-1680,0.47883384568865595
"Fort Polk South, LA",NA,21340,18473,-2867,0.463994172757642
"Fort Smith, AR-OK",NA,117707,100734,-16973,0.46114969259433897
"Fort Wayne, IN",NA,191613,168828,-22785,0.46839288538207363
"Frankfort, IN",NA,11963,10955,-1008,0.47800855222968847
"Frankfort, KY",NA,32116,32582,466,0.5036013478005502
"Fredericksburg, TX",NA,10189,11398,1209,0.5280029647473016
"Freeport, IL",NA,18166,15116,-3050,0.4541794363319512
"Fremont, NE",NA,16392,14495,-1897,0.46929128759672356
"Fremont, OH",NA,16458,15430,-1028,0.4838810837932765
"Fresno, CA",FRESNO,305091,281678,-23413,0.4800492186874221
"Gadsden, AL",NA,33292,33117,-175,0.49868240750500686
"Gaffney, SC",NA,16005,13969,-2036,0.46603723226796556
"Gainesville, FL",NA,152518,148764,-3754,0.49376995638637555
"Gainesville, GA",NA,66597,72590,5993,0.5215285910322085
"Gainesville, TX",NA,16200,14620,-1580,0.4743672939649578
"Galesburg, IL",NA,21810,16769,-5041,0.4346665284221986
"Gallup, NM",NA,8185,6309,-1876,0.43528356561335724
"Garden City, KS",NA,17845,13457,-4388,0.4299086320362916
"Gardnerville Ranchos, NV",NA,22003,22811,808,0.509015039942875
"Georgetown, SC",NA,18367,20427,2060,0.5265504974996134
"Gettysburg, PA",NA,29493,28592,-901,0.4922441249892399
"Gillette, WY",NA,27658,26579,-1079,0.49005291590611577
"Glasgow, KY",NA,19688,19952,264,0.503329969727548
"Glens Falls, NY",NA,57132,54560,-2572,0.48848619417684347
"Glenwood Springs, CO",NA,45506,41768,-3738,0.47858468730664344
"Gloversville, NY",NA,22863,20911,-1952,0.4777036597066752
"Goldsboro, NC",RALEIGH,41547,39625,-1922,0.48816094219681666
"Granbury, TX",NA,25189,29989,4800,0.5434955960708978
"Grand Forks, ND-MN",NA,56549,41901,-14648,0.425606907059421
"Grand Island, NE",NA,34536,27203,-7333,0.44061290270331555
"Grand Junction, CO",NA,86264,80088,-6176,0.48143695296720207
"Grand Rapids-Kentwood, MI",NA,478634,414615,-64019,0.464165087226518
"Grand Rapids, MN",NA,18250,17472,-778,0.4891103521639326
"Grants Pass, OR",NA,37163,38296,1133,0.5075073881180509
"Grants, NM",NA,3570,3354,-216,0.48440207972270366
"Great Bend, KS",NA,11772,10079,-1693,0.4612603542171983
"Great Falls, MT",NA,39842,36265,-3577,0.4765001905212398
"Greeley, CO",NA,143078,149208,6130,0.5104863045099662
"Green Bay, WI",NA,149879,128563,-21316,0.46172272861134456
"Greeneville, TN",NA,20654,23451,2797,0.5317084230812833
"Greensboro-High Point, NC",NA,305459,282669,-22790,0.4806249659937973
"Greensburg, IN",NA,12469,10510,-1959,0.45737412420035684
"Greenville-Anderson, SC",NA,358957,370039,11082,0.5076008647509725
"Greenville, MS",NA,13559,12172,-1387,0.4730480743072558
"Greenville, NC",NA,67089,63390,-3699,0.4858253052215299
"Greenville, OH",NA,17753,16142,-1611,0.4762354329547131
"Greenwood, MS",NA,8787,7576,-1211,0.4629957831693455
"Greenwood, SC",NA,21318,20345,-973,0.4883229724215731
"Grenada, MS",NA,6954,5623,-1331,0.447085950544645
"Gulfport-Biloxi, MS",NA,177361,168767,-8594,0.4875855174964175
"Guymon, OK",NA,6154,4282,-1872,0.41031046377922575
"Hagerstown-Martinsburg, MD-WV",NA,108298,111007,2709,0.5061763297690431
"Hailey, ID",NA,11001,11746,745,0.5163757858179101
"Hammond, LA",NA,38169,40113,1944,0.5124166475051736
"Hanford-Corcoran, CA",FRESNO,46629,40866,-5763,0.4670666895251157
"Hannibal, MO",NA,17345,14166,-3179,0.44955729745168355
"Harrisburg-Carlisle, PA",NA,243280,237402,-5878,0.4938857706342239
"Harrison, AR",NA,17029,16695,-334,0.4950480370062863
"Harrisonburg, VA",NA,43738,40478,-3260,0.48064500807447513
"Hartford-East Hartford-Middletown, CT",NA,474994,459875,-15119,0.49191384033484903
"Hastings, NE",NA,14323,10964,-3359,0.43358247320757703
"Hattiesburg, MS",NA,61313,56232,-5081,0.4783870007231273
"Hays, KS",NA,14419,12054,-2365,0.45533184754277944
"Heber, UT",NA,35520,38207,2687,0.5182226321429055
"Helena-West Helena, AR",NA,5773,4900,-873,0.4591024079452825
"Helena, MT",NA,39091,39134,43,0.5002748481943112
"Henderson, NC",RALEIGH,14611,12378,-2233,0.458631294230983
"Hereford, TX",NA,4998,4145,-853,0.45335229137044736
"Hermiston-Pendleton, OR",NA,35516,29709,-5807,0.45548486009965505
"Hickory-Lenoir-Morganton, NC",NA,106690,109287,2597,0.5060122142635558
"Hillsdale, MI",NA,17748,16529,-1219,0.4822183971759489
"Hilo, HI",NA,69977,72884,2907,0.510174225295917
"Hilton Head Island-Bluffton, SC",NA,102321,117749,15428,0.5350524833007679
"Hinesville, GA",NA,47225,44340,-2885,0.48424616392726477
"Hobbs, NM",NA,20766,17861,-2905,0.46239676909933464
"Holland, MI",NA,40352,38222,-2130,0.4864458981342429
"Homosassa Springs, FL",NA,92600,107520,14920,0.537277633419948
"Hood River, OR",NA,9763,9580,-183,0.4952696065760223
"Hope, AR",NA,8033,6625,-1408,0.4519716195933961
"Hot Springs, AR",NA,55036,52162,-2874,0.4865948991585664
"Houghton, MI",NA,16404,13987,-2417,0.4602349379750584
"Houma-Thibodaux, LA",NA,59834,53351,-6483,0.47136104607500995
"Houston-The Woodlands-Sugar Land, TX",HOUSTON,2504161,2553001,48840,0.5048287952808315
"Hudson, NY",NA,19850,22365,2515,0.5297879900509298
"Huntingdon, PA",NA,9797,9206,-591,0.4844498237120455
"Huntington-Ashland, WV-KY-OH",NA,112193,101744,-10449,0.47557925931465805
"Huntington, IN",NA,17609,14970,-2639,0.4594984499217287
"Huntsville, AL",NA,189404,201121,11717,0.5150016004097049
"Huntsville, TX",HOUSTON,22205,21702,-503,0.49427198396611016
"Huron, SD",NA,8709,7397,-1312,0.45926983732770393
"Hutchinson, KS",NA,32001,26165,-5836,0.4498332359110133
"Hutchinson, MN",NA,14601,12937,-1664,0.46978720313748273
"Idaho Falls, ID",NA,60059,60058,-1,0.49999583739187625
"Indiana, PA",NA,22940,21575,-1365,0.4846680894080647
"Indianapolis-Carmel-Anderson, IN",NA,1017212,969386,-47826,0.487962838984032
"Indianola, MS",NA,4682,4194,-488,0.4725101397025687
"Iowa City, IA",NA,91312,76743,-14569,0.4566540715837077
"Iron Mountain, MI-WI",NA,11889,10936,-953,0.4791237677984666
"Ithaca, NY",NA,49715,41010,-8705,0.4520253513364563
"Jackson, MI",NA,66113,59233,-6880,0.4725559650886347
"Jackson, MS",NA,184414,175330,-9084,0.4873743550969578
"Jackson, OH",NA,10238,10059,-179,0.4955904813519239
"Jackson, TN",NA,68090,66803,-1287,0.49522955231183236
"Jackson, WY-ID",NA,18014,16891,-1123,0.4839134794442057
"Jacksonville, FL",NA,791824,848319,56495,0.5172225836405728
"Jacksonville, IL",NA,13060,12443,-617,0.48790338391561777
"Jacksonville, NC",NA,117088,106557,-10531,0.47645599052069126
"Jacksonville, TX",NA,12163,11438,-725,0.4846404813355366
"Jamestown-Dunkirk-Fredonia, NY",NA,58531,53824,-4707,0.47905300164656667
"Jamestown, ND",NA,8422,7329,-1093,0.4653037902355406
"Janesville-Beloit, WI",NA,72317,64170,-8147,0.4701546667448182
"Jasper, AL",NA,19298,18742,-556,0.4926919032597266
"Jasper, IN",NA,18415,17178,-1237,0.4826229876661141
"Jefferson City, MO",NA,51027,47601,-3426,0.48263170702031877
"Jefferson, GA",NA,25697,32669,6972,0.5597265531302471
"Jennings, LA",NA,8790,8324,-466,0.4863854154493397
"Jesup, GA",NA,11752,10492,-1260,0.47167775579931664
"Johnson City, TN",NA,78630,79497,867,0.5027414673015993
"Johnstown, PA",NA,36783,34173,-2610,0.48160832064941655
"Jonesboro, AR",NA,67182,56771,-10411,0.4580042435439239
"Joplin, MO",NA,83978,76303,-7675,0.47605767371054586
"Juneau, AK",NA,12000,10752,-1248,0.47257383966244726
"Kahului-Wailuku-Lahaina, HI",NA,74912,70241,-4671,0.4839100810868532
"Kalamazoo-Portage, MI",NA,132633,106470,-26163,0.4452892686415478
"Kalispell, MT",NA,56944,61086,4142,0.5175463865119038
"Kankakee, IL",CHICAGO,47989,37784,-10205,0.44051158289904746
"Kansas City, MO-KS",NA,930150,907836,-22314,0.4939297687795228
"Kapaa, HI",NA,25848,22975,-2873,0.47057739180304364
"Kearney, NE",NA,25269,20517,-4752,0.44810640807233654
"Keene, NH",NA,32333,30924,-1409,0.48886289264429234
"Kendallville, IN",NA,18121,15797,-2324,0.4657409045344655
"Kennett, MO",NA,13813,11912,-1901,0.46305150631681247
"Kennewick-Richland, WA",NA,114817,110941,-3876,0.49141558660158224
"Kerrville, TX",NA,21921,21795,-126,0.49855888004391985
"Ketchikan, AK",NA,6457,5740,-717,0.47060752644092807
"Key West, FL",NA,70205,74589,4384,0.5151387488431841
"Kill Devil Hills, NC",NA,16318,17098,780,0.5116710557816615
"Killeen-Temple, TX",NA,262770,242329,-20441,0.4797653529308116
"Kingsport-Bristol, TN-VA",NA,103216,107745,4529,0.5107342115367295
"Kingston, NY",NEW YORK,62672,62916,244,0.5009714303914387
"Kingsville, TX",NA,12295,9789,-2506,0.4432620902010505
"Kinston, NC",NA,18311,16176,-2135,0.4690463073042016
"Kirksville, MO",NA,14951,11040,-3911,0.42476241775999385
"Klamath Falls, OR",NA,27584,27765,181,0.5016350792245569
"Knoxville, TN",NA,344879,349450,4571,0.5032916672067564
"Kokomo, IN",NA,51092,36956,-14136,0.41972560421588223
"La Crosse-Onalaska, WI-MN",NA,64737,54251,-10486,0.45593673311594446
"La Grande, OR",NA,14091,11027,-3064,0.439007882793216
"Laconia, NH",NA,33743,33282,-461,0.4965609847071988
"Lafayette-West Lafayette, IN",NA,117220,85780,-31440,0.4225615763546798
"Lafayette, LA",NA,152155,147435,-4720,0.49212256750892885
"LaGrange, GA-AL",NA,35381,34998,-383,0.49727901788885887
"Lake Charles, LA",NA,91036,77709,-13327,0.46051142256066846
"Lake City, FL",NA,26288,27595,1307,0.5121281294656942
"Lake Havasu City-Kingman, AZ",NA,119930,141167,21237,0.5406687935901217
"Lakeland-Winter Haven, FL",NA,411271,461903,50632,0.5289930758359731
"Lamesa, TX",NA,3328,2717,-611,0.44946236559139785
"Lancaster, PA",NA,188937,177071,-11866,0.483789971803895
"Lansing-East Lansing, MI",NA,248672,212933,-35739,0.4612883309322906
"Laramie, WY",NA,22998,17910,-5088,0.4378116749779994
"Laredo, TX",NA,45444,45738,294,0.501612160294795
"Las Cruces, NM",NA,69537,71199,1662,0.5059046725784447
"Las Vegas-Henderson-Paradise, NV",NA,1162862,1182999,20137,0.5042920275327482
"Las Vegas, NM",NA,7829,6172,-1657,0.44082565531033496
"Laurel, MS",NA,19617,18298,-1319,0.48260582882764075
"Laurinburg, NC",NA,8447,8408,-39,0.4988430732720261
"Lawrence, KS",NA,61727,54566,-7161,0.46921138847566063
"Lawrenceburg, TN",NA,17094,16904,-190,0.4972057179834108
"Lawton, OK",NA,60554,55252,-5302,0.4771082672745799
"Lebanon, MO",NA,16296,15758,-538,0.4916079116490922
"Lebanon, NH-VT",NA,97538,92300,-5238,0.48620402659109346
"Lebanon, PA",NA,50146,49028,-1118,0.49436344203117755
"Levelland, TX",NA,6649,5037,-1612,0.4310285812082834
"Lewisburg, PA",NA,11919,10864,-1055,0.47684677171575296
"Lewisburg, TN",NA,12311,13032,721,0.5142248352602297
"Lewiston-Auburn, ME",NA,49109,46570,-2539,0.486731675707313
"Lewiston, ID-WA",NA,30142,26165,-3977,0.46468467508480293
"Lewistown, PA",NA,16843,15991,-852,0.4870256441493574
"Lexington-Fayette, KY",NA,241850,226573,-15277,0.483693157680131
"Lexington, NE",NA,11626,9311,-2315,0.4447150976739743
"Liberal, KS",NA,6371,5191,-1180,0.4489707663034077
"Lima, OH",NA,39842,36705,-3137,0.4795093210707147
"Lincoln, IL",NA,9442,8081,-1361,0.4611653255721052
"Lincoln, NE",NA,177060,144268,-32792,0.44897425683413833
"Little Rock-North Little Rock-Conway, AR",NA,327304,315111,-12193,0.4905100285640902
"Lock Haven, PA",NA,12842,11308,-1534,0.46824016563147
"Logan, UT-ID",NA,68580,52415,-16165,0.43319971899665277
"Logansport, IN",NA,17685,13836,-3849,0.4389454649281431
"London, KY",NA,39945,39453,-492,0.49690168518098693
"Longview, TX",NA,102928,100158,-2770,0.49318022906551906
"Longview, WA",NA,46940,45442,-1498,0.4918923599835466
"Los Alamos, NM",NA,7835,7649,-186,0.4939938000516662
"Los Angeles-Long Beach-Anaheim, CA",LOS ANGELES,4406703,4007324,-399379,0.4762670716412011
"Louisville/Jefferson County, KY-IN",NA,561120,522765,-38355,0.48230670227930084
"Lubbock, TX",NA,135309,125154,-10155,0.480505868395895
"Ludington, MI",NA,13600,13143,-457,0.4914557080357477
"Lufkin, TX",NA,29001,28046,-955,0.49162970883657336
"Lumberton, NC",NA,34145,31249,-2896,0.4778572957763709
"Lynchburg, VA",NA,91890,88978,-2912,0.4919499303359356
"Macomb, IL",NA,12502,10703,-1799,0.46123680241327303
"Macon-Bibb County, GA",NA,79964,80134,170,0.5005309248085548
"Madera, CA",FRESNO,37297,39294,1997,0.513036779778303
"Madison, IN",NA,13264,12127,-1137,0.4776101768343114
"Madison, WI",NA,343495,305442,-38053,0.47068051290032775
"Madisonville, KY",NA,18524,17435,-1089,0.48485775466503517
"Magnolia, AR",NA,6870,5993,-877,0.46590997434502063
"Malone, NY",NA,20384,18868,-1516,0.48068888209517985
"Malvern, AR",NA,11098,10615,-483,0.48887763091235664
"Manchester-Nashua, NH",NA,180837,170705,-10132,0.48558920413492557
"Manhattan, KS",NA,91777,66618,-25159,0.42058145774803496
"Manitowoc, WI",NA,29543,26113,-3430,0.46918571223228406
"Mankato, MN",NA,65616,42465,-23151,0.3928997696172315
"Mansfield, OH",NA,47885,44199,-3686,0.479985665262152
"Marietta, OH",NA,20430,18113,-2317,0.46994266144306357
"Marinette, WI-MI",NA,24953,22495,-2458,0.4740979598718597
"Marion, IN",NA,30349,26015,-4334,0.46155347384855583
"Marion, NC",NA,12983,13584,601,0.5113110249557722
"Marion, OH",NA,24006,22670,-1336,0.4856885765704002
"Marquette, MI",NA,34481,28192,-6289,0.4498268791983789
"Marshall, MN",NA,11798,9301,-2497,0.4408265794587421
"Marshall, MO",NA,8758,7970,-788,0.4764466762314682
"Marshalltown, IA",NA,16698,14254,-2444,0.46051951408632724
"Martin, TN",NA,13685,11158,-2527,0.44914060298675684
"Martinsville, VA",NA,21214,19925,-1289,0.4843336007195119
"Maryville, MO",NA,7295,6055,-1240,0.4535580524344569
"Mason City, IA",NA,24998,20799,-4199,0.4541563857894622
"Mayfield, KY",NA,15858,12505,-3353,0.4408913020484434
"Maysville, KY",NA,6436,6186,-250,0.4900966566312787
"McAlester, OK",NA,14937,13155,-1782,0.4682827851345579
"McAllen-Edinburg-Mission, TX",NA,155597,175662,20065,0.5302859695887508
"McComb, MS",NA,13754,11670,-2084,0.4590151038388924
"McMinnville, TN",NA,16084,15847,-237,0.4962888728821521
"McPherson, KS",NA,12619,11368,-1251,0.4739233751615458
"Meadville, PA",NA,32532,28683,-3849,0.46856162705219306
"Medford, OR",NA,111511,107985,-3526,0.49196796296971246
"Memphis, TN-MS-AR",NA,489460,473257,-16203,0.4915847543982292
"Menomonie, WI",NA,18411,15622,-2789,0.45902506390855935
"Merced, CA",FRESNO,81083,74960,-6123,0.48038040796447135
"Meridian, MS",NA,26457,25271,-1186,0.48853618929786574
"Mexico, MO",NA,9476,9013,-463,0.4874790415922981
"Miami-Fort Lauderdale-Pompano Beach, FL",NA,2985763,2926995,-58768,0.49503040712980306
"Miami, OK",NA,12544,10610,-1934,0.45823615789928307
"Michigan City-La Porte, IN",CHICAGO,42951,37118,-5833,0.4635751664189636
"Middlesborough, KY",NA,6634,6213,-421,0.483614851716354
"Midland, MI",NA,36023,32740,-3283,0.4761281503133953
"Midland, TX",NA,75713,63361,-12352,0.45559198699972675
"Milledgeville, GA",NA,13984,13558,-426,0.492266356836831
"Milwaukee-Waukesha, WI",NA,713516,650832,-62684,0.4770278550633709
"Minden, LA",NA,15030,12165,-2865,0.4473248758963045
"Mineral Wells, TX",NA,10961,10815,-146,0.496647685525349
"Minneapolis-St. Paul-Bloomington, MN-WI",NA,1737458,1584367,-153091,0.4769567933289683
"Minot, ND",NA,40359,29976,-10383,0.42618895286841546
"Missoula, MT",NA,66359,60772,-5587,0.4780266024809055
"Mitchell, SD",NA,11528,9207,-2321,0.4440318302387268
"Moberly, MO",NA,10405,9744,-661,0.4835972008536404
"Mobile, AL",NA,147253,139046,-8207,0.4856670823160402
"Modesto, CA",NA,171941,152305,-19636,0.469720520839116
"Monroe, LA",NA,78373,71979,-6394,0.47873656486112587
"Monroe, MI",NA,51204,49220,-1984,0.4901218832151677
"Montgomery, AL",NA,151023,138834,-12189,0.4789741148221364
"Montrose, CO",NA,24216,22698,-1518,0.4838214605448267
"Morehead City, NC",NA,25344,27477,2133,0.5201908331913444
"Morgan City, LA",NA,13879,12407,-1472,0.472000304344518
"Morgantown, WV",NA,54018,42711,-11307,0.441553205346897
"Morristown, TN",NA,49489,51002,1513,0.507528037336677
"Moscow, ID",NA,20402,16797,-3605,0.4515443963547407
"Moses Lake, WA",NA,35991,33903,-2088,0.48506309554468197
"Moultrie, GA",NA,12733,12218,-515,0.4896797723538135
"Mount Airy, NC",NA,19698,19337,-361,0.4953759446650442
"Mount Gay-Shamrock, WV",NA,3232,3442,210,0.5157326940365597
"Mount Pleasant, MI",NA,27682,24623,-3059,0.4707580537233534
"Mount Pleasant, TX",NA,12288,12360,72,0.501460564751704
"Mount Sterling, KY",NA,17921,17529,-392,0.4944710860366714
"Mount Vernon-Anacortes, WA",NA,55517,52119,-3398,0.48421531829499426
"Mount Vernon, IL",NA,12979,10900,-2079,0.45646802629925876
"Mount Vernon, OH",NA,25053,21091,-3962,0.45706917475728154
"Mountain Home, AR",NA,19092,18842,-250,0.496704803079032
"Mountain Home, ID",NA,15860,13922,-1938,0.4674635685984823
"Muncie, IN",NA,51026,42970,-8056,0.4571471126430912
"Murray, KY",NA,18443,15115,-3328,0.4504142082364861
"Muscatine, IA",NA,20321,16264,-4057,0.444553778871122
"Muskegon, MI",NA,72071,65767,-6304,0.4771325759224597
"Muskogee, OK",NA,30659,24764,-5895,0.4468181080057016
"Myrtle Beach-Conway-North Myrtle Beach, SC-NC",NA,238868,298173,59305,0.555214592554386
"Nacogdoches, TX",NA,21084,18393,-2691,0.46591686298350937
"Napa, CA",SAN FRANCISCO,49017,45455,-3562,0.4811478533322043
"Naples-Marco Island, FL",NA,340338,380955,40617,0.5281556870786213
"Nashville-Davidson--Murfreesboro--Franklin, TN",NA,914112,907339,-6773,0.49814076799211177
"Natchez, MS-LA",NA,13201,12187,-1014,0.4800299354025524
"Natchitoches, LA",NA,11746,10648,-1098,0.47548450477806553
"New Bern, NC",NA,55295,49829,-5466,0.47400213081694
"New Castle, IN",NA,18126,16635,-1491,0.4785535513938034
"New Castle, PA",NA,27901,26554,-1347,0.4876319897162795
"New Haven-Milford, CT",NA,330035,316458,-13577,0.48949949960788436
"New Orleans-Metairie, LA",NA,413798,382920,-30878,0.48062175073237956
"New Philadelphia-Dover, OH",NA,31567,28740,-2827,0.4765615931815544
"New Ulm, MN",NA,9802,8435,-1367,0.4625212480122827
"New York-Newark-Jersey City, NY-NJ-PA",NEW YORK,6329010,5523740,-805270,0.4660302461454093
"Newberry, SC",NA,9599,10350,751,0.5188229986465487
"Newport, OR",NA,32602,30852,-1750,0.4862104831846692
"Newport, TN",NA,12794,13509,715,0.5135916055202828
"Niles, MI",NA,66773,60601,-6172,0.47577213560067205
"Nogales, AZ",NA,12973,14096,1123,0.5207432856773431
"Norfolk, NE",NA,19870,15446,-4424,0.43736550005663155
"North Platte, NE",NA,16970,13721,-3249,0.4470691733733016
"North Port-Sarasota-Bradenton, FL",NA,634008,725131,91123,0.5335223255310899
"North Vernon, IN",NA,9494,8785,-709,0.4806061600744023
"North Wilkesboro, NC",NA,14271,14629,358,0.5061937716262975
"Norwalk, OH",NA,21795,19663,-2132,0.4742872304500941
"Norwich-New London, CT",NA,122624,118252,-4372,0.49092479117886384
"Oak Harbor, WA",NA,45099,40946,-4153,0.47586727874949153
"Ocala, FL",NA,192776,215061,22285,0.5273209640125834
"Ocean City, NJ",PHILADELPHIA,51013,54249,3236,0.51537116908286
"Odessa, TX",NA,67412,54485,-12927,0.4469757254075162
"Ogden-Clearfield, UT",NA,246410,233378,-13032,0.4864190017257622
"Ogdensburg-Massena, NY",NA,46918,39034,-7884,0.4541371928518243
"Oil City, PA",NA,16166,15350,-816,0.4870541946947582
"Okeechobee, FL",NA,20558,25949,5391,0.5579590169221837
"Oklahoma City, OK",NA,606421,569106,-37315,0.4841283951793536
"Olean, NY",NA,29037,26012,-3025,0.4725244781921561
"Olympia-Lacey-Tumwater, WA",NA,137422,136810,-612,0.4988841564806441
"Omaha-Council Bluffs, NE-IA",NA,436453,396675,-39778,0.4761273177710988
"Oneonta, NY",NA,21249,18771,-2478,0.4690404797601199
"Ontario, OR-ID",NA,23668,21724,-1944,0.47858653507225946
"Opelousas, LA",NA,22342,20829,-1513,0.4824766625744134
"Orangeburg, SC",NA,22486,22248,-238,0.4973398310010283
"Orlando-Kissimmee-Sanford, FL",NA,1522589,1508942,-13647,0.4977491571090647
"Oshkosh-Neenah, WI",NA,76030,68329,-7701,0.473326914151525
"Oskaloosa, IA",NA,8274,7056,-1218,0.4602739726027397
"Othello, WA",NA,4632,4413,-219,0.487893864013267
"Ottawa, IL",CHICAGO,50578,43570,-7008,0.4627820028040957
"Ottawa, KS",NA,10269,9479,-790,0.4799979744784282
"Ottumwa, IA",NA,20457,15580,-4877,0.4323334350806116
"Owatonna, MN",NA,15844,14244,-1600,0.4734113267747939
"Owensboro, KY",NA,48130,44331,-3799,0.4794562031559252
"Oxford, MS",NA,22654,17260,-5394,0.4324297239063988
"Oxnard-Thousand Oaks-Ventura, CA",LOS ANGELES,261716,260143,-1573,0.49849288792566576
"Ozark, AL",NA,23242,20051,-3191,0.4631464670962973
"Paducah, KY-IL",NA,42156,38445,-3711,0.4769791938065285
"Pahrump, NV",NA,24751,27969,3218,0.530519726858877
"Palatka, FL",NA,32554,33876,1322,0.5099503236489538
"Palestine, TX",NA,14478,14448,-30,0.4994814353868492
"Palm Bay-Melbourne-Titusville, FL",NA,345496,372975,27479,0.5191232492334416
"Pampa, TX",NA,6934,6320,-614,0.4768371812283084
"Panama City, FL",NA,100162,108872,8710,0.5208339313221773
"Paragould, AR",NA,19962,18618,-1344,0.48258164852255053
"Paris, TN",NA,13551,12984,-567,0.4893159977388355
"Paris, TX",NA,19540,18694,-846,0.48893654862164565
"Parkersburg-Vienna, WV",NA,29055,27639,-1416,0.4875119060218012
"Parsons, KS",NA,9425,7541,-1884,0.44447718967346456
"Payson, AZ",NA,24366,23222,-1144,0.48798016306631925
"Pearsall, TX",NA,3456,3565,109,0.5077624270047002
"Pecos, TX",NA,2618,2541,-77,0.4925373134328358
"Pella, IA",NA,12757,11881,-876,0.48222258300186704
"Pensacola-Ferry Pass-Brent, FL",NA,222763,236516,13753,0.5149723806226716
"Peoria, IL",NA,171113,145912,-25201,0.4602539231921773
"Peru, IN",NA,15302,12335,-2967,0.4463219596917176
"Philadelphia-Camden-Wilmington, PA-NJ-DE-MD",PHILADELPHIA,2028713,1920847,-107866,0.48634455483648814
"Phoenix-Mesa-Chandler, AZ",NA,2569474,2713502,144028,0.5136313320370942
"Picayune, MS",NA,18968,18499,-469,0.4937411588864868
"Pierre, SD",NA,8719,8208,-511,0.48490577184379985
"Pine Bluff, AR",NA,26138,23379,-2759,0.4721408809095866
"Pinehurst-Southern Pines, NC",RALEIGH,36746,41452,4706,0.5300902836389677
"Pittsburg, KS",NA,20970,16544,-4426,0.44100869008903343
"Pittsburgh, PA",NA,813823,744575,-69248,0.4777823123489635
"Pittsfield, MA",NA,55717,55143,-574,0.49741114919718565
"Plainview, TX",NA,8725,7572,-1153,0.4646253911762901
"Platteville, WI",NA,18792,16373,-2419,0.46560500497653917
"Plattsburgh, NY",NA,36632,31168,-5464,0.45970501474926256
"Plymouth, IN",NA,17147,15596,-1551,0.4763155483614818
"Pocatello, ID",NA,43787,36903,-6884,0.4573429173379601
"Point Pleasant, WV-OH",NA,14933,13689,-1244,0.4782684648172734
"Ponca City, OK",NA,21261,17752,-3509,0.4550278112424064
"Pontiac, IL",NA,11902,10239,-1663,0.46244523734248677
"Poplar Bluff, MO",NA,28171,25941,-2230,0.47939458900059134
"Port Angeles, WA",NA,35355,35212,-143,0.49898677852253887
"Port Lavaca, TX",HOUSTON,5916,4748,-1168,0.4452363090772693
"Port St. Lucie, FL",NA,281304,315960,34656,0.5290122960700796
"Portales, NM",NA,7263,6572,-691,0.475027105168052
"Portland-South Portland, ME",NA,266249,271702,5453,0.5050683054776365
"Portland-Vancouver-Hillsboro, OR-WA",NA,1265434,1201642,-63792,0.4870713346487907
"Portsmouth, OH",NA,24653,23091,-1562,0.4836419235924933
"Pottsville, PA",NA,49703,47666,-2037,0.4895397919255615
"Poughkeepsie-Newburgh-Middletown, NY",NEW YORK,212132,209981,-2151,0.49745210405744433
"Prescott Valley-Prescott, AZ",NA,129590,139185,9595,0.5178495023718724
"Price, UT",NA,6995,6958,-37,0.4986741202608758
"Prineville, OR",NA,14037,13857,-180,0.49677349967734996
"Providence-Warwick, RI-MA",NA,619768,609479,-10289,0.49581491758775903
"Provo-Orem, UT",NA,214642,211662,-2980,0.49650484161537306
"Pueblo, CO",NA,73524,70638,-2886,0.4899904274358014
"Pullman, WA",NA,24023,17804,-6219,0.4256580677552777
"Punta Gorda, FL",NA,165047,190926,25879,0.5363496669691241
"Quincy, IL-MO",NA,26931,23162,-3769,0.46237997324975544
"Racine, WI",NA,78925,74279,-4646,0.4848372105166967
"Raleigh-Cary, NC",RALEIGH,600288,639536,39248,0.5158280530139762
"Rapid City, SD",NA,74897,75095,198,0.5006600352018774
"Raymondville, TX",NA,2431,2720,289,0.528052805280528
"Reading, PA",PHILADELPHIA,146814,139556,-7258,0.4873275831965639
"Red Bluff, CA",NA,28548,26488,-2060,0.4812849771058943
"Red Wing, MN",NA,18354,16905,-1449,0.4794520547945205
"Redding, CA",NA,81076,72261,-8815,0.47125612213620977
"Reno, NV",NA,239544,235823,-3721,0.49608618183424597
"Rexburg, ID",NA,30551,22723,-7828,0.4265307654765927
"Richmond-Berea, KY",NA,46531,45721,-810,0.4956098512769371
"Richmond, IN",NA,34311,25737,-8574,0.42860711430855314
"Richmond, VA",NA,520776,521315,539,0.5002586146507358
"Rio Grande City-Roma, TX",NA,7025,4776,-2249,0.4047114651300737
"Riverside-San Bernardino-Ontario, CA",LOS ANGELES,1535294,1563158,27864,0.5044964388668922
"Riverton, WY",NA,13739,12990,-749,0.4859890007108384
"Roanoke Rapids, NC",RALEIGH,17336,16619,-717,0.4894419084081873
"Roanoke, VA",NA,121703,119926,-1777,0.49632287515157536
"Rochelle, IL",NA,17178,15960,-1218,0.4816223067173637
"Rochester, MN",NA,98716,91267,-7449,0.48039561434444134
"Rochester, NY",NA,466219,432595,-33624,0.48129535142977303
"Rock Springs, WY",NA,19224,17171,-2053,0.47179557631542796
"Rockford, IL",NA,145180,130745,-14435,0.47384252967291834
"Rockingham, NC",NA,12477,11276,-1201,0.47471898286532227
"Rockport, TX",NA,10859,15401,4542,0.5864813404417365
"Rocky Mount, NC",RALEIGH,42834,43865,1031,0.5059458586604229
"Rolla, MO",NA,21045,19676,-1369,0.4831904913926475
"Rome, GA",NA,38429,32792,-5637,0.4604259979500428
"Roseburg, OR",NA,48248,47379,-869,0.4954563041818733
"Roswell, NM",NA,21969,19132,-2837,0.4654874577260894
"Ruidoso, NM",NA,10927,9660,-1267,0.46922815368922133
"Russellville, AR",NA,35214,30886,-4328,0.46726172465960664
"Ruston, LA",NA,17648,14323,-3325,0.447999749773232
"Rutland, VT",NA,24796,23252,-1544,0.48393273393273395
"Sacramento-Roseville-Folsom, CA",NA,947407,912342,-35065,0.49057265254612314
"Safford, AZ",NA,14072,10540,-3532,0.4282463838777832
"Saginaw, MI",NA,77813,69412,-8401,0.47146884021056207
"Salem, OH",NA,35619,33385,-2234,0.4838125326068054
"Salem, OR",NA,213526,175761,-37765,0.45149465561398144
"Salina, KS",NA,30031,24478,-5553,0.4490634574107028
"Salinas, CA",NA,118710,106814,-11896,0.4736258668700449
"Salisbury, MD-DE",NA,170284,184245,13961,0.5196895035384975
"Salt Lake City, UT",NA,551786,492309,-59477,0.47151743854725864
"San Angelo, TX",NA,48949,43407,-5542,0.4699965351466066
"San Antonio-New Braunfels, TX",NA,1042863,1057961,15098,0.5035933519419047
"San Diego-Chula Vista-Carlsbad, CA",NA,1463213,1377419,-85794,0.48489878308770723
"San Francisco-Oakland-Berkeley, CA",SAN FRANCISCO,1929888,1679264,-250624,0.4652793786462859
"San Jose-Sunnyvale-Santa Clara, CA",SAN FRANCISCO,845750,752124,-93626,0.47070294654021533
"San Luis Obispo-Paso Robles, CA",NA,110483,109084,-1399,0.4968141842808801
"Sandpoint, ID",NA,24473,25895,1422,0.5141161054637865
"Sandusky, OH",NA,36439,31554,-4885,0.46407718441604284
"Sanford, NC",RALEIGH,23691,35227,11536,0.5978987745680437
"Santa Cruz-Watsonville, CA",NA,96866,85529,-11337,0.4689218454453247
"Santa Fe, NM",NA,59090,63392,4302,0.5175617641775935
"Santa Maria-Santa Barbara, CA",NA,141655,132556,-9099,0.4834087618658624
"Santa Rosa-Petaluma, CA",SAN FRANCISCO,185702,180039,-5663,0.4922581827030604
"Sault Ste. Marie, MI",NA,14716,12997,-1719,0.4689856745931512
"Savannah, GA",NA,198886,191810,-7076,0.49094436595204455
"Sayre, PA",NA,22970,20877,-2093,0.47613291673318586
"Scottsbluff, NE",NA,16398,14119,-2279,0.4626601566340073
"Scottsboro, AL",NA,16704,16231,-473,0.49281918931228175
"Scottsburg, IN",NA,13386,12099,-1287,0.47474985285462035
"Scranton--Wilkes-Barre, PA",NA,204503,191516,-12987,0.4836030594491678
"Searcy, AR",NA,31677,30555,-1122,0.49098534516004627
"Seattle-Tacoma-Bellevue, WA",NA,2087933,1954249,-133684,0.4834638816362054
"Sebastian-Vero Beach, FL",NA,108803,120429,11626,0.5253585886787185
"Sebring-Avon Park, FL",NA,81564,87053,5489,0.5162765320222753
"Sedalia, MO",NA,20468,17506,-2962,0.4609996313266972
"Selinsgrove, PA",NA,9516,8824,-692,0.48113413304253
"Selma, AL",NA,8449,7527,-922,0.4711442163244867
"Seneca Falls, NY",NA,13118,11574,-1544,0.46873481289486474
"Seneca, SC",NA,28323,29779,1456,0.5125296891673264
"Sevierville, TN",NA,40758,40864,106,0.5006493347381833
"Seymour, IN",NA,20049,17864,-2185,0.47118402658718644
"Shawano, WI",NA,13463,12234,-1229,0.4760867027279449
"Shawnee, OK",NA,26292,25312,-980,0.4905046120455779
"Sheboygan, WI",NA,49382,41570,-7812,0.45705427038437857
"Shelby, NC",NA,30150,30025,-125,0.4989613626921479
"Shelbyville, TN",NA,18059,17351,-708,0.4900028240609997
"Shelton, WA",NA,29367,28018,-1349,0.4882460573320554
"Sheridan, WY",NA,14852,14384,-468,0.49199616910658095
"Sherman-Denison, TX",NA,55569,61263,5694,0.5243683237469187
"Show Low, AZ",NA,43836,48660,4824,0.5260768033212248
"Shreveport-Bossier City, LA",NA,157377,147442,-9935,0.4837034436829725
"Sidney, OH",NA,16408,13921,-2487,0.4589996373108246
"Sierra Vista-Douglas, AZ",NA,66322,62881,-3441,0.4866837457334582
"Sikeston, MO",NA,19094,16180,-2914,0.4586947893632704
"Silver City, NM",NA,9563,8434,-1129,0.46863366116574984
"Sioux City, IA-NE-SD",NA,63370,54091,-9279,0.4605017835707171
"Sioux Falls, SD",NA,143967,131109,-12858,0.47662827727609824
"Snyder, TX",NA,5458,4359,-1099,0.4440256697565448
"Somerset, KY",NA,26257,26542,285,0.5026989147521733
"Somerset, PA",NA,18956,17706,-1250,0.4829523757569145
"Sonora, CA",NA,21571,20077,-1494,0.48206396465616597
"South Bend-Mishawaka, IN-MI",NA,149629,122319,-27310,0.4497881948019474
"Spartanburg, SC",NA,114362,119635,5273,0.5112672384688692
"Spearfish, SD",NA,14981,13356,-1625,0.47132724000423476
"Spencer, IA",NA,7072,6273,-799,0.47006369426751593
"Spirit Lake, IA",NA,11364,9856,-1508,0.4644674835061263
"Spokane-Spokane Valley, WA",NA,281175,272513,-8662,0.49217790524627586
"Springfield, IL",NA,94506,85851,-8655,0.4760059215888488
"Springfield, MA",NA,273425,250829,-22596,0.478449377591778
"Springfield, MO",NA,246055,217981,-28074,0.4697501917954641
"Springfield, OH",NA,45192,42875,-2317,0.4868452428264844
"St. Cloud, MN",NA,86643,77069,-9574,0.47075962666145427
"St. George, UT",NA,81982,91708,9726,0.5279981576371696
"St. Joseph, MO-KS",NA,45285,38637,-6648,0.4603917923786373
"St. Louis, MO-IL",NA,1060196,1002445,-57751,0.4860007146178128
"St. Marys, GA",NA,32057,27571,-4486,0.4623834440195881
"St. Marys, PA",NA,9161,8124,-1037,0.47000289268151574
"Starkville, MS",NA,24481,17678,-6803,0.4193173462368652
"State College, PA",NA,51488,43219,-8269,0.45634430401131915
"Statesboro, GA",NA,25931,24454,-1477,0.4853428599781681
"Staunton, VA",NA,44779,42764,-2015,0.4884913699553362
"Steamboat Springs, CO",NA,13918,12558,-1360,0.47431636198821575
"Stephenville, TX",NA,17610,16919,-691,0.48999391815575316
"Sterling, CO",NA,8084,6984,-1100,0.46349880541544997
"Sterling, IL",NA,24795,20464,-4331,0.45215316290682517
"Stevens Point, WI",NA,29093,24068,-5025,0.4527379093696507
"Stillwater, OK",NA,41123,33215,-7908,0.44681051413812584
"Stockton, CA",NA,229102,232884,3782,0.5040931976293654
"Storm Lake, IA",NA,8848,6700,-2148,0.4309235914587085
"Sturgis, MI",NA,24248,22154,-2094,0.47743631740011205
"Sulphur Springs, TX",NA,11720,12198,478,0.5099924742871478
"Summerville, GA",NA,8601,8795,194,0.50557599448149
"Sumter, SC",NA,45830,45057,-773,0.4957474666343922
"Sunbury, PA",NA,31523,29145,-2378,0.4804015296367113
"Susanville, CA",NA,9337,8428,-909,0.4744159864902899
"Sweetwater, TX",NA,5847,5466,-381,0.48316096526120395
"Syracuse, NY",NA,293125,262380,-30745,0.4723269817553397
"Tahlequah, OK",NA,14907,14868,-39,0.4993450881612091
"Talladega-Sylacauga, AL",NA,24231,23850,-381,0.49603793598302864
"Tallahassee, FL",NA,146878,143461,-3417,0.49411549946786343
"Tampa-St. Petersburg-Clearwater, FL",NA,1918444,1980102,61658,0.5079078199923767
"Taos, NM",NA,8832,9252,420,0.5116124751161247
"Taylorville, IL",NA,14815,11208,-3607,0.4306959228374899
"Terre Haute, IN",NA,74107,68537,-5570,0.4804758699980371
"Texarkana, TX-AR",NA,62954,54791,-8163,0.4653361076903478
"The Dalles, OR",NA,11405,10155,-1250,0.4710111317254174
"The Villages, FL",NA,98734,129729,30995,0.567833741130949
"Thomaston, GA",NA,9622,9024,-598,0.48396438914512496
"Thomasville, GA",NA,16328,15751,-577,0.49100657751176785
"Tiffin, OH",NA,21141,19119,-2022,0.4748882265275708
"Tifton, GA",NA,13548,13069,-479,0.4910019912086261
"Toccoa, GA",NA,12054,11248,-806,0.4827053471804995
"Toledo, OH",NA,268810,244145,-24665,0.47595793003284886
"Topeka, KS",NA,101635,90494,-11141,0.4710064592018904
"Torrington, CT",NA,66364,68943,2579,0.5095301795176894
"Traverse City, MI",NA,84265,78954,-5311,0.4837304480483277
"Trenton-Princeton, NJ",PHILADELPHIA,119782,113666,-6116,0.48690072307323257
"Troy, AL",NA,12486,10772,-1714,0.46315246366841517
"Truckee-Grass Valley, CA",NA,40744,42593,1849,0.511093511885477
"Tucson, AZ",NA,534835,544238,9403,0.5043569804823214
"Tullahoma-Manchester, TN",NA,38929,39978,1049,0.5066470655328424
"Tulsa, OK",NA,403853,390312,-13541,0.4914746935460515
"Tupelo, MS",NA,54939,50524,-4415,0.4790684884746309
"Tuscaloosa, AL",NA,81784,74668,-7116,0.47725820059826657
"Twin Falls, ID",NA,48743,46473,-2270,0.48807973449840364
"Tyler, TX",NA,86131,86924,793,0.5022911791049088
"Ukiah, CA",SAN FRANCISCO,30066,24823,-5243,0.45223997522272225
"Union City, TN",NA,11910,10756,-1154,0.4745433689226154
"Union, SC",NA,7715,7184,-531,0.48218001208134775
"Urban Honolulu, HI",NA,411222,346075,-65147,0.4569871529928152
"Urbana, OH",NA,11658,11704,46,0.5009845047513055
"Utica-Rome, NY",NA,114752,104272,-10480,0.4760756812038863
"Uvalde, TX",NA,7793,6647,-1146,0.4603185595567867
"Valdosta, GA",NA,58728,57019,-1709,0.49261751924455927
"Vallejo, CA",SAN FRANCISCO,157963,150706,-7257,0.4882446892950053
"Van Wert, OH",NA,8024,7435,-589,0.48094960864221487
"Vermillion, SD",NA,8030,5688,-2342,0.4146377022889634
"Vernal, UT",NA,12633,12556,-77,0.49847155504386836
"Vernon, TX",NA,5141,4407,-734,0.46156263091746963
"Vicksburg, MS",NA,14385,13363,-1022,0.4815842583249243
"Victoria, TX",NA,34538,31739,-2799,0.47888407743259354
"Vidalia, GA",NA,12633,11039,-1594,0.466331530922609
"Vincennes, IN",NA,17812,15586,-2226,0.4666746511767172
"Vineland-Bridgeton, NJ",PHILADELPHIA,43179,40206,-2973,0.48217305270732147
"Vineyard Haven, MA",NA,11648,12244,596,0.5124727942407501
"Virginia Beach-Norfolk-Newport News, VA-NC",NA,795191,765920,-29271,0.49062494595195344
"Visalia, CA",FRESNO,119946,113975,-5971,0.4872371441640554
"Wabash, IN",NA,10257,9881,-376,0.49066441553282353
"Waco, TX",NA,106063,99510,-6553,0.48406162287849086
"Wahpeton, ND-MN",NA,7559,6179,-1380,0.44977434852234677
"Walla Walla, WA",NA,23836,22437,-1399,0.48488319322282974
"Wapakoneta, OH",NA,13714,12832,-882,0.48338732765765086
"Warner Robins, GA",NA,73195,76656,3461,0.5115481378168981
"Warren, PA",NA,13341,11931,-1410,0.47210351377018045
"Warrensburg, MO",NA,25102,22750,-2352,0.4754242246928028
"Warsaw, IN",NA,34189,31632,-2557,0.4805761079290804
"Washington Court House, OH",NA,10709,10484,-225,0.4946916434671826
"Washington-Arlington-Alexandria, DC-VA-MD-WV",NA,2752313,2594383,-157930,0.4852310660639767
"Washington, IN",NA,12043,9824,-2219,0.44926144418530206
"Washington, NC",NA,13388,14389,1001,0.5180185045181265
"Waterloo-Cedar Falls, IA",NA,80234,68117,-12117,0.4591610437408578
"Watertown-Fort Atkinson, WI",NA,30874,28198,-2676,0.4773496749729144
"Watertown-Fort Drum, NY",NA,80133,62770,-17363,0.43924900107065634
"Watertown, SD",NA,15536,12904,-2632,0.4537271448663854
"Wauchula, FL",NA,10089,10707,618,0.5148586266589729
"Wausau-Weston, WI",NA,65000,58594,-6406,0.47408450248393935
"Waycross, GA",NA,21351,19911,-1440,0.48255053075468957
"Weatherford, OK",NA,13985,10396,-3589,0.42639760469217836
"Weirton-Steubenville, WV-OH",NA,37198,33151,-4047,0.4712362649078167
"Wenatchee, WA",NA,44032,44208,176,0.500997280145059
"West Plains, MO",NA,19873,18781,-1092,0.4858746830858385
"West Point, MS",NA,4768,4519,-249,0.48659416388500054
"Wheeling, WV-OH",NA,44207,39916,-4291,0.4744956789463048
"Whitewater, WI",NA,49332,42908,-6424,0.46517779705117085
"Wichita Falls, TX",NA,113965,61659,-52306,0.3510852730834055
"Wichita, KS",NA,353070,285803,-67267,0.4473549516101009
"Williamsport, PA",NA,44017,41975,-2042,0.4881268024932552
"Williston, ND",NA,31624,22032,-9592,0.4106157745638885
"Willmar, MN",NA,19740,17823,-1917,0.4744828687804488
"Wilmington, NC",NA,138396,141550,3154,0.5056332292656441
"Wilmington, OH",NA,15237,14861,-376,0.49375373778988635
"Wilson, NC",RALEIGH,24224,23819,-405,0.49578502591428514
"Winchester, VA-WV",NA,51750,51763,13,0.5000627940451924
"Winfield, KS",NA,16330,13810,-2520,0.4581950895819509
"Winnemucca, NV",NA,9059,7407,-1652,0.44983602575003034
"Winona, MN",NA,18975,16058,-2917,0.4583678246224988
"Winston-Salem, NC",NA,231709,231591,-118,0.49987265270882797
"Wisconsin Rapids-Marshfield, WI",NA,31024,27455,-3569,0.46948477231142804
"Woodward, OK",NA,9940,7456,-2484,0.42860427684525176
"Wooster, OH",NA,37164,34127,-3037,0.4786999761540727
"Worcester, MA-CT",NA,379774,359073,-20701,0.48599101031742703
"Worthington, MN",NA,7425,5333,-2092,0.4180122276218843
"Yakima, WA",NA,80349,69289,-11060,0.4630441465403173
"Yankton, SD",NA,11410,9538,-1872,0.4553179301126599
"York-Hanover, PA",NA,167135,161644,-5491,0.491649405831881
"Youngstown-Warren-Boardman, OH-PA",NA,198647,181944,-16703,0.4780564963438442
"Yuba City, CA",NA,60249,58966,-1283,0.49461896573417774
"Yuma, AZ",NA,83471,101375,17904,0.5484295034785713
"Zanesville, OH",NA,33720,31925,-1795,0.48632797623581386
"Zapata, TX",NA,1454,1624,170,0.5276153346328785
NA,NA,6153153,5823978,-329175,0.4862581865389967
